{"cameraMode":{"drawMode":0,"name":"Shaded","section":"Shading Mode"},"sceneLighting":true,"audioPlay":false,"sceneViewState":{"m_AlwaysRefresh":false,"showFog":true,"showSkybox":true,"showFlares":true,"showImageEffects":true,"showParticleSystems":true,"showVisualEffectGraphs":true,"m_FxEnabled":true},"in2DMode":false,"pivot":{"x":107.89228820800781,"y":7.523322105407715,"z":64.4285888671875},"rotation":{"x":0.03694351762533188,"y":0.8423115015029907,"z":0.058211881667375568,"w":-0.5345630049705505},"size":1.6870136260986329,"orthographic":false}