{"cameraMode":{"drawMode":0,"name":"Shaded","section":"Shading Mode"},"sceneLighting":true,"audioPlay":false,"sceneViewState":{"m_AlwaysRefresh":false,"showFog":true,"showSkybox":true,"showFlares":true,"showImageEffects":true,"showParticleSystems":true,"showVisualEffectGraphs":true,"m_FxEnabled":true},"in2DMode":false,"pivot":{"x":128.3425750732422,"y":21.353069305419923,"z":90.77166748046875},"rotation":{"x":0.21928177773952485,"y":-0.5713045001029968,"z":0.16181160509586335,"w":0.7742279171943665},"size":15.051783561706543,"orthographic":true}