{"cameraMode":{"drawMode":0,"name":"Shaded","section":"Shading Mode"},"sceneLighting":true,"audioPlay":false,"sceneViewState":{"m_AlwaysRefresh":false,"showFog":true,"showSkybox":true,"showFlares":true,"showImageEffects":true,"showParticleSystems":true,"showVisualEffectGraphs":true,"m_FxEnabled":true},"in2DMode":false,"pivot":{"x":120.45999908447266,"y":6.300000190734863,"z":117.58999633789063},"rotation":{"x":-0.10151682049036026,"y":-0.45294272899627688,"z":0.05200301110744476,"w":-0.8842146992683411},"size":18.912240982055665,"orthographic":false}