{"cameraMode":{"drawMode":0,"name":"Shaded","section":"Shading Mode"},"sceneLighting":true,"audioPlay":false,"sceneViewState":{"m_AlwaysRefresh":false,"showFog":true,"showSkybox":true,"showFlares":true,"showImageEffects":true,"showParticleSystems":true,"showVisualEffectGraphs":true,"m_FxEnabled":true},"in2DMode":false,"pivot":{"x":178.21185302734376,"y":-0.5599021911621094,"z":208.22694396972657},"rotation":{"x":0.21997101604938508,"y":0.14713738858699799,"z":-0.03358292579650879,"w":0.9637617468833923},"size":15.988672256469727,"orthographic":false}